,city,confirm,country,dead,heal,province,suspect,update_time
0,地区待确认,5256,中国,105,4982,香港,0,2020-10-19 17:31:35
1,境外输入,748,中国,0,678,上海,0,2020-10-19 17:31:35
2,青浦,6,中国,0,6,上海,0,2020-10-19 17:31:35
3,外地来沪,113,中国,1,112,上海,0,2020-10-19 17:31:35
4,地区待确认,0,中国,0,0,上海,0,2020-10-19 17:31:35
5,宝山,22,中国,1,21,上海,0,2020-10-19 17:31:35
6,嘉定,9,中国,2,7,上海,0,2020-10-19 17:31:35
7,徐汇,18,中国,1,17,上海,0,2020-10-19 17:31:35
8,静安,16,中国,1,15,上海,0,2020-10-19 17:31:35
9,黄浦,6,中国,1,5,上海,0,2020-10-19 17:31:35
10,浦东,61,中国,0,61,上海,0,2020-10-19 17:31:35
11,境外来沪,1,中国,0,1,上海,0,2020-10-19 17:31:35
12,虹口,7,中国,0,7,上海,0,2020-10-19 17:31:35
13,崇明,4,中国,0,4,上海,0,2020-10-19 17:31:35
14,金山,4,中国,0,4,上海,0,2020-10-19 17:31:35
15,奉贤,9,中国,0,9,上海,0,2020-10-19 17:31:35
16,杨浦,9,中国,0,9,上海,0,2020-10-19 17:31:35
17,普陀,11,中国,0,11,上海,0,2020-10-19 17:31:35
18,长宁,13,中国,0,13,上海,0,2020-10-19 17:31:35
19,松江,14,中国,0,14,上海,0,2020-10-19 17:31:35
20,闵行,19,中国,0,19,上海,0,2020-10-19 17:31:35
21,地区待确认,540,中国,7,493,台湾,0,2020-10-19 17:31:35
22,境外输入,488,中国,0,452,广东,0,2020-10-19 17:31:35
23,湛江,22,中国,0,22,广东,0,2020-10-19 17:31:35
24,汕尾,6,中国,0,6,广东,0,2020-10-19 17:31:35
25,广州,377,中国,1,376,广东,0,2020-10-19 17:31:35
26,茂名,14,中国,0,14,广东,0,2020-10-19 17:31:35
27,潮州,5,中国,0,5,广东,0,2020-10-19 17:31:35
28,惠州,62,中国,0,62,广东,0,2020-10-19 17:31:35
29,清远,12,中国,0,12,广东,0,2020-10-19 17:31:35
30,韶关,10,中国,1,9,广东,0,2020-10-19 17:31:35
31,中山,67,中国,0,67,广东,0,2020-10-19 17:31:35
32,河源,5,中国,0,5,广东,0,2020-10-19 17:31:35
33,地区待确认,0,中国,0,0,广东,0,2020-10-19 17:31:35
34,珠海,98,中国,1,97,广东,0,2020-10-19 17:31:35
35,汕头,25,中国,0,25,广东,0,2020-10-19 17:31:35
36,揭阳,10,中国,0,10,广东,0,2020-10-19 17:31:35
37,江门,23,中国,0,23,广东,0,2020-10-19 17:31:35
38,梅州,16,中国,0,16,广东,0,2020-10-19 17:31:35
39,佛山,89,中国,0,89,广东,0,2020-10-19 17:31:35
40,深圳,423,中国,3,420,广东,0,2020-10-19 17:31:35
41,肇庆,19,中国,1,18,广东,0,2020-10-19 17:31:35
42,东莞,99,中国,1,98,广东,0,2020-10-19 17:31:35
43,阳江,14,中国,0,14,广东,0,2020-10-19 17:31:35
44,境外输入,184,中国,0,149,四川,0,2020-10-19 17:31:35
45,遂宁,17,中国,0,17,四川,0,2020-10-19 17:31:35
46,成都,145,中国,3,142,四川,0,2020-10-19 17:31:35
47,资阳,4,中国,0,4,四川,0,2020-10-19 17:31:35
48,自贡,9,中国,0,9,四川,0,2020-10-19 17:31:35
49,眉山,8,中国,0,8,四川,0,2020-10-19 17:31:35
50,攀枝花,16,中国,0,16,四川,0,2020-10-19 17:31:35
51,泸州,24,中国,0,24,四川,0,2020-10-19 17:31:35
52,德阳,18,中国,0,18,四川,0,2020-10-19 17:31:35
53,绵阳,22,中国,0,22,四川,0,2020-10-19 17:31:35
54,广元,6,中国,0,6,四川,0,2020-10-19 17:31:35
55,雅安,8,中国,0,8,四川,0,2020-10-19 17:31:35
56,内江,22,中国,0,22,四川,0,2020-10-19 17:31:35
57,乐山,3,中国,0,3,四川,0,2020-10-19 17:31:35
58,南充,39,中国,0,39,四川,0,2020-10-19 17:31:35
59,宜宾,12,中国,0,12,四川,0,2020-10-19 17:31:35
60,广安,30,中国,0,30,四川,0,2020-10-19 17:31:35
61,达州,42,中国,0,42,四川,0,2020-10-19 17:31:35
62,巴中,24,中国,0,24,四川,0,2020-10-19 17:31:35
63,凉山,13,中国,0,13,四川,0,2020-10-19 17:31:35
64,甘孜,78,中国,0,78,四川,0,2020-10-19 17:31:35
65,阿坝,1,中国,0,1,四川,0,2020-10-19 17:31:35
66,境外输入,193,中国,0,166,陕西,0,2020-10-19 17:31:35
67,韩城,1,中国,0,1,陕西,0,2020-10-19 17:31:35
68,渭南,15,中国,0,15,陕西,0,2020-10-19 17:31:35
69,咸阳,17,中国,0,17,陕西,0,2020-10-19 17:31:35
70,西安,120,中国,3,117,陕西,0,2020-10-19 17:31:35
71,汉中,26,中国,0,26,陕西,0,2020-10-19 17:31:35
72,杨凌,1,中国,0,1,陕西,0,2020-10-19 17:31:35
73,地区待确认,0,中国,0,0,陕西,0,2020-10-19 17:31:35
74,榆林,3,中国,0,3,陕西,0,2020-10-19 17:31:35
75,商洛,7,中国,0,7,陕西,0,2020-10-19 17:31:35
76,铜川,8,中国,0,8,陕西,0,2020-10-19 17:31:35
77,延安,8,中国,0,8,陕西,0,2020-10-19 17:31:35
78,宝鸡,13,中国,0,13,陕西,0,2020-10-19 17:31:35
79,安康,26,中国,0,26,陕西,0,2020-10-19 17:31:35
80,境外输入,119,中国,0,106,天津,0,2020-10-19 17:31:35
81,和平区,6,中国,0,6,天津,0,2020-10-19 17:31:35
82,宝坻区,60,中国,2,58,天津,0,2020-10-19 17:31:35
83,河北区,12,中国,0,12,天津,0,2020-10-19 17:31:35
84,津南区,2,中国,0,2,天津,0,2020-10-19 17:31:35
85,南开区,6,中国,0,6,天津,0,2020-10-19 17:31:35
86,河东区,15,中国,1,14,天津,0,2020-10-19 17:31:35
87,宁河区,4,中国,0,4,天津,0,2020-10-19 17:31:35
88,北辰区,7,中国,0,7,天津,0,2020-10-19 17:31:35
89,外地来津,6,中国,0,6,天津,0,2020-10-19 17:31:35
90,滨海新区,3,中国,0,3,天津,0,2020-10-19 17:31:35
91,武清区,2,中国,0,2,天津,0,2020-10-19 17:31:35
92,东丽区,4,中国,0,4,天津,0,2020-10-19 17:31:35
93,河西区,4,中国,0,4,天津,0,2020-10-19 17:31:35
94,西青区,4,中国,0,4,天津,0,2020-10-19 17:31:35
95,红桥区,2,中国,0,2,天津,0,2020-10-19 17:31:35
96,青岛,78,中国,1,64,山东,0,2020-10-19 17:31:35
97,境外输入,69,中国,0,69,山东,0,2020-10-19 17:31:35
98,济宁,260,中国,0,260,山东,0,2020-10-19 17:31:35
99,济南,47,中国,0,47,山东,0,2020-10-19 17:31:35
100,日照,16,中国,0,16,山东,0,2020-10-19 17:31:35
101,滨州,15,中国,0,15,山东,0,2020-10-19 17:31:35
102,聊城,38,中国,0,38,山东,0,2020-10-19 17:31:35
103,德州,37,中国,2,35,山东,0,2020-10-19 17:31:35
104,临沂,49,中国,0,49,山东,0,2020-10-19 17:31:35
105,威海,38,中国,1,37,山东,0,2020-10-19 17:31:35
106,泰安,35,中国,2,33,山东,0,2020-10-19 17:31:35
107,潍坊,44,中国,0,44,山东,0,2020-10-19 17:31:35
108,烟台,47,中国,0,47,山东,0,2020-10-19 17:31:35
109,枣庄,24,中国,0,24,山东,0,2020-10-19 17:31:35
110,淄博,30,中国,1,29,山东,0,2020-10-19 17:31:35
111,菏泽,18,中国,0,18,山东,0,2020-10-19 17:31:35
112,境外输入,198,中国,0,189,内蒙古,0,2020-10-19 17:31:35
113,呼伦贝尔,9,中国,0,9,内蒙古,0,2020-10-19 17:31:35
114,包头,11,中国,0,11,内蒙古,0,2020-10-19 17:31:35
115,呼和浩特,7,中国,0,7,内蒙古,0,2020-10-19 17:31:35
116,乌兰察布,3,中国,0,3,内蒙古,0,2020-10-19 17:31:35
117,赤峰,9,中国,0,9,内蒙古,0,2020-10-19 17:31:35
118,锡林郭勒,9,中国,0,9,内蒙古,0,2020-10-19 17:31:35
119,通辽,7,中国,0,7,内蒙古,0,2020-10-19 17:31:35
120,鄂尔多斯,11,中国,0,11,内蒙古,0,2020-10-19 17:31:35
121,巴彦淖尔,8,中国,1,7,内蒙古,0,2020-10-19 17:31:35
122,兴安盟,1,中国,0,1,内蒙古,0,2020-10-19 17:31:35
123,乌海,2,中国,0,2,内蒙古,0,2020-10-19 17:31:35
124,境外输入,37,中国,0,28,云南,0,2020-10-19 17:31:35
125,昭通市,25,中国,0,25,云南,0,2020-10-19 17:31:35
126,德宏州,5,中国,0,5,云南,0,2020-10-19 17:31:35
127,昆明,53,中国,0,53,云南,0,2020-10-19 17:31:35
128,保山市,9,中国,0,9,云南,0,2020-10-19 17:31:35
129,玉溪,14,中国,1,13,云南,0,2020-10-19 17:31:35
130,红河,9,中国,0,9,云南,0,2020-10-19 17:31:35
131,曲靖,13,中国,0,13,云南,0,2020-10-19 17:31:35
132,大理,13,中国,0,13,云南,0,2020-10-19 17:31:35
133,西双版纳州,15,中国,1,14,云南,0,2020-10-19 17:31:35
134,文山州,2,中国,0,2,云南,0,2020-10-19 17:31:35
135,普洱,4,中国,0,4,云南,0,2020-10-19 17:31:35
136,楚雄州,4,中国,0,4,云南,0,2020-10-19 17:31:35
137,丽江市,7,中国,0,7,云南,0,2020-10-19 17:31:35
138,临沧,1,中国,0,1,云南,0,2020-10-19 17:31:35
139,境外输入,56,中国,0,48,辽宁,0,2020-10-19 17:31:35
140,葫芦岛,12,中国,1,11,辽宁,0,2020-10-19 17:31:35
141,铁岭,8,中国,0,8,辽宁,0,2020-10-19 17:31:35
142,沈阳,34,中国,0,34,辽宁,0,2020-10-19 17:31:35
143,抚顺,1,中国,0,1,辽宁,0,2020-10-19 17:31:35
144,朝阳市,6,中国,1,5,辽宁,0,2020-10-19 17:31:35
145,丹东,11,中国,0,11,辽宁,0,2020-10-19 17:31:35
146,大连,110,中国,0,110,辽宁,0,2020-10-19 17:31:35
147,鞍山,4,中国,0,4,辽宁,0,2020-10-19 17:31:35
148,锦州,12,中国,0,12,辽宁,0,2020-10-19 17:31:35
149,盘锦,11,中国,0,11,辽宁,0,2020-10-19 17:31:35
150,阜新,8,中国,0,8,辽宁,0,2020-10-19 17:31:35
151,本溪,3,中国,0,3,辽宁,0,2020-10-19 17:31:35
152,辽阳,3,中国,0,3,辽宁,0,2020-10-19 17:31:35
153,营口,1,中国,0,1,辽宁,0,2020-10-19 17:31:35
154,境外输入,121,中国,0,114,福建,0,2020-10-19 17:31:35
155,莆田,56,中国,0,56,福建,0,2020-10-19 17:31:35
156,漳州,20,中国,0,20,福建,0,2020-10-19 17:31:35
157,地区待确认,0,中国,0,0,福建,0,2020-10-19 17:31:35
158,宁德,26,中国,0,26,福建,0,2020-10-19 17:31:35
159,龙岩,6,中国,0,6,福建,0,2020-10-19 17:31:35
160,南平,20,中国,0,20,福建,0,2020-10-19 17:31:35
161,三明,14,中国,0,14,福建,0,2020-10-19 17:31:35
162,泉州,47,中国,0,47,福建,0,2020-10-19 17:31:35
163,厦门,35,中国,0,35,福建,0,2020-10-19 17:31:35
164,福州,72,中国,1,71,福建,0,2020-10-19 17:31:35
165,境外输入,75,中国,0,70,山西,0,2020-10-19 17:31:35
166,太原,21,中国,0,21,山西,0,2020-10-19 17:31:35
167,晋中,37,中国,0,37,山西,0,2020-10-19 17:31:35
168,大同,12,中国,0,12,山西,0,2020-10-19 17:31:35
169,运城,19,中国,0,19,山西,0,2020-10-19 17:31:35
170,忻州,7,中国,0,7,山西,0,2020-10-19 17:31:35
171,晋城,10,中国,0,10,山西,0,2020-10-19 17:31:35
172,长治,8,中国,0,8,山西,0,2020-10-19 17:31:35
173,朔州,8,中国,0,8,山西,0,2020-10-19 17:31:35
174,临汾,2,中国,0,2,山西,0,2020-10-19 17:31:35
175,阳泉,4,中国,0,4,山西,0,2020-10-19 17:31:35
176,吕梁,6,中国,0,6,山西,0,2020-10-19 17:31:35
177,境外输入,29,中国,0,25,河北,0,2020-10-19 17:31:35
178,唐山,58,中国,1,57,河北,0,2020-10-19 17:31:35
179,廊坊,32,中国,0,32,河北,0,2020-10-19 17:31:35
180,保定,48,中国,0,48,河北,0,2020-10-19 17:31:35
181,沧州,49,中国,3,46,河北,0,2020-10-19 17:31:35
182,张家口,43,中国,0,43,河北,0,2020-10-19 17:31:35
183,地区待确认,0,中国,0,0,河北,0,2020-10-19 17:31:35
184,邯郸,32,中国,0,32,河北,0,2020-10-19 17:31:35
185,石家庄,29,中国,0,29,河北,0,2020-10-19 17:31:35
186,承德,7,中国,0,7,河北,0,2020-10-19 17:31:35
187,衡水,8,中国,0,8,河北,0,2020-10-19 17:31:35
188,秦皇岛,10,中国,1,9,河北,0,2020-10-19 17:31:35
189,邢台,23,中国,1,22,河北,0,2020-10-19 17:31:35
190,境外输入,38,中国,0,34,江苏,0,2020-10-19 17:31:35
191,连云港,48,中国,0,48,江苏,0,2020-10-19 17:31:35
192,南通,40,中国,0,40,江苏,0,2020-10-19 17:31:35
193,苏州,87,中国,0,87,江苏,0,2020-10-19 17:31:35
194,南京,93,中国,0,93,江苏,0,2020-10-19 17:31:35
195,无锡,55,中国,0,55,江苏,0,2020-10-19 17:31:35
196,徐州,79,中国,0,79,江苏,0,2020-10-19 17:31:35
197,宿迁,13,中国,0,13,江苏,0,2020-10-19 17:31:35
198,淮安,66,中国,0,66,江苏,0,2020-10-19 17:31:35
199,镇江,12,中国,0,12,江苏,0,2020-10-19 17:31:35
200,常州,51,中国,0,51,江苏,0,2020-10-19 17:31:35
201,扬州,23,中国,0,23,江苏,0,2020-10-19 17:31:35
202,盐城,27,中国,0,27,江苏,0,2020-10-19 17:31:35
203,泰州,37,中国,0,37,江苏,0,2020-10-19 17:31:35
204,境外输入,64,中国,0,61,浙江,0,2020-10-19 17:31:35
205,金华,55,中国,0,55,浙江,0,2020-10-19 17:31:35
206,省十里丰监狱,36,中国,0,36,浙江,0,2020-10-19 17:31:35
207,丽水,17,中国,0,17,浙江,0,2020-10-19 17:31:35
208,舟山,10,中国,0,10,浙江,0,2020-10-19 17:31:35
209,衢州,14,中国,0,14,浙江,0,2020-10-19 17:31:35
210,台州,147,中国,0,147,浙江,0,2020-10-19 17:31:35
211,绍兴,42,中国,0,42,浙江,0,2020-10-19 17:31:35
212,嘉兴,46,中国,0,46,浙江,0,2020-10-19 17:31:35
213,湖州,10,中国,0,10,浙江,0,2020-10-19 17:31:35
214,温州,504,中国,1,503,浙江,0,2020-10-19 17:31:35
215,宁波,157,中国,0,157,浙江,0,2020-10-19 17:31:35
216,杭州,181,中国,0,181,浙江,0,2020-10-19 17:31:35
217,境外输入,8,中国,0,5,河南,0,2020-10-19 17:31:35
218,许昌,39,中国,1,38,河南,0,2020-10-19 17:31:35
219,地区待确认,0,中国,0,0,河南,0,2020-10-19 17:31:35
220,周口,76,中国,1,75,河南,0,2020-10-19 17:31:35
221,南阳,156,中国,3,153,河南,0,2020-10-19 17:31:35
222,信阳,274,中国,2,272,河南,0,2020-10-19 17:31:35
223,郑州,157,中国,5,152,河南,0,2020-10-19 17:31:35
224,济源示范区,5,中国,0,5,河南,0,2020-10-19 17:31:35
225,安阳,53,中国,0,53,河南,0,2020-10-19 17:31:35
226,新乡,57,中国,3,54,河南,0,2020-10-19 17:31:35
227,漯河,36,中国,0,36,河南,0,2020-10-19 17:31:35
228,商丘,91,中国,3,88,河南,0,2020-10-19 17:31:35
229,驻马店,139,中国,0,139,河南,0,2020-10-19 17:31:35
230,焦作,32,中国,1,31,河南,0,2020-10-19 17:31:35
231,开封,26,中国,0,26,河南,0,2020-10-19 17:31:35
232,平顶山,58,中国,1,57,河南,0,2020-10-19 17:31:35
233,洛阳,31,中国,1,30,河南,0,2020-10-19 17:31:35
234,濮阳,17,中国,0,17,河南,0,2020-10-19 17:31:35
235,鹤壁,19,中国,0,19,河南,0,2020-10-19 17:31:35
236,三门峡,7,中国,1,6,河南,0,2020-10-19 17:31:35
237,境外输入,10,中国,0,8,重庆,0,2020-10-19 17:31:35
238,涪陵区,5,中国,0,5,重庆,0,2020-10-19 17:31:35
239,大足区,14,中国,0,14,重庆,0,2020-10-19 17:31:35
240,荣昌区,9,中国,0,9,重庆,0,2020-10-19 17:31:35
241,长寿区,22,中国,0,22,重庆,0,2020-10-19 17:31:35
242,丰都县,10,中国,0,10,重庆,0,2020-10-19 17:31:35
243,潼南区,18,中国,0,18,重庆,0,2020-10-19 17:31:35
244,铜梁区,10,中国,0,10,重庆,0,2020-10-19 17:31:35
245,南岸区,15,中国,0,15,重庆,0,2020-10-19 17:31:35
246,九龙坡区,21,中国,1,20,重庆,0,2020-10-19 17:31:35
247,沙坪坝区,9,中国,0,9,重庆,0,2020-10-19 17:31:35
248,江北区,28,中国,0,28,重庆,0,2020-10-19 17:31:35
249,两江新区,17,中国,0,17,重庆,0,2020-10-19 17:31:35
250,万州区,118,中国,4,114,重庆,0,2020-10-19 17:31:35
251,巴南区,6,中国,0,6,重庆,0,2020-10-19 17:31:35
252,垫江县,20,中国,0,20,重庆,0,2020-10-19 17:31:35
253,渝中区,20,中国,0,20,重庆,0,2020-10-19 17:31:35
254,云阳县,25,中国,0,25,重庆,0,2020-10-19 17:31:35
255,奉节县,22,中国,0,22,重庆,0,2020-10-19 17:31:35
256,石柱县,15,中国,0,15,重庆,0,2020-10-19 17:31:35
257,綦江区,23,中国,0,23,重庆,0,2020-10-19 17:31:35
258,渝北区,17,中国,0,17,重庆,0,2020-10-19 17:31:35
259,彭水县,2,中国,0,2,重庆,0,2020-10-19 17:31:35
260,忠县,21,中国,0,21,重庆,0,2020-10-19 17:31:35
261,合川区,23,中国,0,23,重庆,0,2020-10-19 17:31:35
262,开州区,21,中国,1,20,重庆,0,2020-10-19 17:31:35
263,大渡口区,7,中国,0,7,重庆,0,2020-10-19 17:31:35
264,巫溪县,14,中国,0,14,重庆,0,2020-10-19 17:31:35
265,巫山县,10,中国,0,10,重庆,0,2020-10-19 17:31:35
266,万盛经开区,1,中国,0,1,重庆,0,2020-10-19 17:31:35
267,酉阳县,1,中国,0,1,重庆,0,2020-10-19 17:31:35
268,璧山区,9,中国,0,9,重庆,0,2020-10-19 17:31:35
269,高新区,4,中国,0,4,重庆,0,2020-10-19 17:31:35
270,永川区,5,中国,0,5,重庆,0,2020-10-19 17:31:35
271,江津区,4,中国,0,4,重庆,0,2020-10-19 17:31:35
272,武隆区,1,中国,0,1,重庆,0,2020-10-19 17:31:35
273,梁平区,4,中国,0,4,重庆,0,2020-10-19 17:31:35
274,城口县,2,中国,0,2,重庆,0,2020-10-19 17:31:35
275,黔江区,2,中国,0,2,重庆,0,2020-10-19 17:31:35
276,秀山县,1,中国,0,1,重庆,0,2020-10-19 17:31:35
277,境外输入,178,中国,0,177,北京,0,2020-10-19 17:31:35
278,石景山,15,中国,0,15,北京,0,2020-10-19 17:31:35
279,海淀,82,中国,0,82,北京,0,2020-10-19 17:31:35
280,延庆,1,中国,0,1,北京,0,2020-10-19 17:31:35
281,密云,7,中国,0,7,北京,0,2020-10-19 17:31:35
282,怀柔,7,中国,0,7,北京,0,2020-10-19 17:31:35
283,顺义,10,中国,0,10,北京,0,2020-10-19 17:31:35
284,外地来京,25,中国,0,25,北京,0,2020-10-19 17:31:35
285,门头沟,5,中国,0,5,北京,0,2020-10-19 17:31:35
286,地区待确认,5,中国,0,5,北京,0,2020-10-19 17:31:35
287,东城,19,中国,0,19,北京,0,2020-10-19 17:31:35
288,房山,20,中国,0,20,北京,0,2020-10-19 17:31:35
289,昌平,30,中国,0,30,北京,0,2020-10-19 17:31:35
290,大兴,104,中国,0,104,北京,0,2020-10-19 17:31:35
291,西城,59,中国,0,59,北京,0,2020-10-19 17:31:35
292,朝阳,77,中国,0,77,北京,0,2020-10-19 17:31:35
293,丰台,273,中国,0,273,北京,0,2020-10-19 17:31:35
294,通州,20,中国,9,11,北京,0,2020-10-19 17:31:35
295,境外输入,1,中国,0,1,贵州,0,2020-10-19 17:31:35
296,贵阳,36,中国,1,35,贵州,0,2020-10-19 17:31:35
297,遵义,32,中国,0,32,贵州,0,2020-10-19 17:31:35
298,六盘水,10,中国,1,9,贵州,0,2020-10-19 17:31:35
299,毕节,23,中国,0,23,贵州,0,2020-10-19 17:31:35
300,黔南州,17,中国,0,17,贵州,0,2020-10-19 17:31:35
301,安顺,4,中国,0,4,贵州,0,2020-10-19 17:31:35
302,黔东南州,10,中国,0,10,贵州,0,2020-10-19 17:31:35
303,铜仁,10,中国,0,10,贵州,0,2020-10-19 17:31:35
304,黔西南州,4,中国,0,4,贵州,0,2020-10-19 17:31:35
305,境外输入,2,中国,0,2,海南,0,2020-10-19 17:31:35
306,三亚,55,中国,1,54,海南,0,2020-10-19 17:31:35
307,海口,39,中国,0,39,海南,0,2020-10-19 17:31:35
308,儋州,15,中国,1,14,海南,0,2020-10-19 17:31:35
309,东方,3,中国,1,2,海南,0,2020-10-19 17:31:35
310,万宁,13,中国,0,13,海南,0,2020-10-19 17:31:35
311,澄迈县,9,中国,1,8,海南,0,2020-10-19 17:31:35
312,昌江县,7,中国,0,7,海南,0,2020-10-19 17:31:35
313,保亭,3,中国,0,3,海南,0,2020-10-19 17:31:35
314,琼海,6,中国,1,5,海南,0,2020-10-19 17:31:35
315,临高县,6,中国,0,6,海南,0,2020-10-19 17:31:35
316,陵水县,4,中国,0,4,海南,0,2020-10-19 17:31:35
317,乐东,2,中国,0,2,海南,0,2020-10-19 17:31:35
318,文昌,3,中国,0,3,海南,0,2020-10-19 17:31:35
319,定安县,3,中国,1,2,海南,0,2020-10-19 17:31:35
320,琼中县,1,中国,0,1,海南,0,2020-10-19 17:31:35
321,拉萨,1,中国,0,1,西藏,0,2020-10-19 17:31:35
322,境外输入,1,中国,0,1,安徽,0,2020-10-19 17:31:35
323,宣城,6,中国,0,6,安徽,0,2020-10-19 17:31:35
324,池州,17,中国,0,17,安徽,0,2020-10-19 17:31:35
325,亳州,108,中国,0,108,安徽,0,2020-10-19 17:31:35
326,六安,69,中国,0,69,安徽,0,2020-10-19 17:31:35
327,宿州,41,中国,0,41,安徽,0,2020-10-19 17:31:35
328,阜阳,155,中国,0,155,安徽,0,2020-10-19 17:31:35
329,滁州,13,中国,0,13,安徽,0,2020-10-19 17:31:35
330,黄山,9,中国,0,9,安徽,0,2020-10-19 17:31:35
331,安庆,83,中国,0,83,安徽,0,2020-10-19 17:31:35
332,铜陵,29,中国,0,29,安徽,0,2020-10-19 17:31:35
333,淮北,27,中国,0,27,安徽,0,2020-10-19 17:31:35
334,马鞍山,38,中国,0,38,安徽,0,2020-10-19 17:31:35
335,淮南,27,中国,0,27,安徽,0,2020-10-19 17:31:35
336,蚌埠,160,中国,5,155,安徽,0,2020-10-19 17:31:35
337,芜湖,34,中国,0,34,安徽,0,2020-10-19 17:31:35
338,合肥,174,中国,1,173,安徽,0,2020-10-19 17:31:35
339,境外输入,3,中国,0,3,宁夏,0,2020-10-19 17:31:35
340,银川,34,中国,0,34,宁夏,0,2020-10-19 17:31:35
341,吴忠,28,中国,0,28,宁夏,0,2020-10-19 17:31:35
342,固原,5,中国,0,5,宁夏,0,2020-10-19 17:31:35
343,中卫,3,中国,0,3,宁夏,0,2020-10-19 17:31:35
344,石嘴山,1,中国,0,1,宁夏,0,2020-10-19 17:31:35
345,宁东管委会,1,中国,0,1,宁夏,0,2020-10-19 17:31:35
346,海北州,3,中国,0,3,青海,0,2020-10-19 17:31:35
347,西宁,15,中国,0,15,青海,0,2020-10-19 17:31:35
348,境外输入,4,中国,0,4,湖北,0,2020-10-19 17:31:35
349,恩施州,252,中国,7,245,湖北,0,2020-10-19 17:31:35
350,黄石,1015,中国,39,976,湖北,0,2020-10-19 17:31:35
351,神农架,11,中国,0,11,湖北,0,2020-10-19 17:31:35
352,随州,1307,中国,45,1262,湖北,0,2020-10-19 17:31:35
353,咸宁,836,中国,15,821,湖北,0,2020-10-19 17:31:35
354,仙桃,575,中国,22,553,湖北,0,2020-10-19 17:31:35
355,宜昌,931,中国,37,894,湖北,0,2020-10-19 17:31:35
356,荆州,1580,中国,52,1528,湖北,0,2020-10-19 17:31:35
357,黄冈,2907,中国,125,2782,湖北,0,2020-10-19 17:31:35
358,十堰,672,中国,8,664,湖北,0,2020-10-19 17:31:35
359,孝感,3518,中国,129,3389,湖北,0,2020-10-19 17:31:35
360,天门,496,中国,15,481,湖北,0,2020-10-19 17:31:35
361,潜江,198,中国,9,189,湖北,0,2020-10-19 17:31:35
362,荆门,928,中国,41,887,湖北,0,2020-10-19 17:31:35
363,武汉,50340,中国,3869,46471,湖北,0,2020-10-19 17:31:35
364,襄阳,1175,中国,40,1135,湖北,0,2020-10-19 17:31:35
365,鄂州,1394,中国,59,1335,湖北,0,2020-10-19 17:31:35
366,境外输入,5,中国,0,5,江西,0,2020-10-19 17:31:35
367,新余,129,中国,0,129,江西,0,2020-10-19 17:31:35
368,赣州,74,中国,1,73,江西,0,2020-10-19 17:31:35
369,九江,116,中国,0,116,江西,0,2020-10-19 17:31:35
370,南昌,230,中国,0,230,江西,0,2020-10-19 17:31:35
371,上饶,123,中国,0,123,江西,0,2020-10-19 17:31:35
372,抚州,72,中国,0,72,江西,0,2020-10-19 17:31:35
373,吉安,22,中国,0,22,江西,0,2020-10-19 17:31:35
374,萍乡,33,中国,0,33,江西,0,2020-10-19 17:31:35
375,宜春,106,中国,0,106,江西,0,2020-10-19 17:31:35
376,鹰潭,18,中国,0,18,江西,0,2020-10-19 17:31:35
377,景德镇,6,中国,0,6,江西,0,2020-10-19 17:31:35
378,赣江新区,1,中国,0,1,江西,0,2020-10-19 17:31:35
379,四平,17,中国,1,16,吉林,0,2020-10-19 17:31:35
380,吉林,48,中国,1,47,吉林,0,2020-10-19 17:31:35
381,境外输入,19,中国,0,19,吉林,0,2020-10-19 17:31:35
382,通化,6,中国,0,6,吉林,0,2020-10-19 17:31:35
383,长春,45,中国,0,45,吉林,0,2020-10-19 17:31:35
384,白城,1,中国,0,1,吉林,0,2020-10-19 17:31:35
385,公主岭,6,中国,0,6,吉林,0,2020-10-19 17:31:35
386,辽源,7,中国,0,7,吉林,0,2020-10-19 17:31:35
387,延边,5,中国,0,5,吉林,0,2020-10-19 17:31:35
388,松原,2,中国,0,2,吉林,0,2020-10-19 17:31:35
389,梅河口市,1,中国,0,1,吉林,0,2020-10-19 17:31:35
390,地区待确认,46,中国,0,46,澳门,0,2020-10-19 17:31:35
391,境外输入,1,中国,0,1,湖南,0,2020-10-19 17:31:35
392,常德,82,中国,0,82,湖南,0,2020-10-19 17:31:35
393,岳阳,156,中国,1,155,湖南,0,2020-10-19 17:31:35
394,湘西自治州,8,中国,0,8,湖南,0,2020-10-19 17:31:35
395,娄底,76,中国,0,76,湖南,0,2020-10-19 17:31:35
396,怀化,40,中国,0,40,湖南,0,2020-10-19 17:31:35
397,永州,44,中国,0,44,湖南,0,2020-10-19 17:31:35
398,郴州,39,中国,0,39,湖南,0,2020-10-19 17:31:35
399,益阳,60,中国,0,60,湖南,0,2020-10-19 17:31:35
400,张家界,5,中国,0,5,湖南,0,2020-10-19 17:31:35
401,邵阳,102,中国,1,101,湖南,0,2020-10-19 17:31:35
402,湘潭,36,中国,0,36,湖南,0,2020-10-19 17:31:35
403,株洲,80,中国,0,80,湖南,0,2020-10-19 17:31:35
404,衡阳,48,中国,0,48,湖南,0,2020-10-19 17:31:35
405,长沙,242,中国,2,240,湖南,0,2020-10-19 17:31:35
406,境外输入,8,中国,0,8,广西,0,2020-10-19 17:31:35
407,北海,44,中国,1,43,广西,0,2020-10-19 17:31:35
408,南宁,55,中国,0,55,广西,0,2020-10-19 17:31:35
409,柳州,24,中国,0,24,广西,0,2020-10-19 17:31:35
410,来宾,11,中国,0,11,广西,0,2020-10-19 17:31:35
411,防城港,19,中国,0,19,广西,0,2020-10-19 17:31:35
412,河池,28,中国,1,27,广西,0,2020-10-19 17:31:35
413,桂林,32,中国,0,32,广西,0,2020-10-19 17:31:35
414,玉林,11,中国,0,11,广西,0,2020-10-19 17:31:35
415,钦州,8,中国,0,8,广西,0,2020-10-19 17:31:35
416,贵港,8,中国,0,8,广西,0,2020-10-19 17:31:35
417,梧州,5,中国,0,5,广西,0,2020-10-19 17:31:35
418,百色,3,中国,0,3,广西,0,2020-10-19 17:31:35
419,贺州,4,中国,0,4,广西,0,2020-10-19 17:31:35
420,境外输入,387,中国,0,387,黑龙江,0,2020-10-19 17:31:35
421,地区待确认,2,中国,0,2,黑龙江,0,2020-10-19 17:31:35
422,哈尔滨,264,中国,4,260,黑龙江,0,2020-10-19 17:31:35
423,牡丹江,25,中国,0,25,黑龙江,0,2020-10-19 17:31:35
424,大庆,27,中国,1,26,黑龙江,0,2020-10-19 17:31:35
425,齐齐哈尔,43,中国,1,42,黑龙江,0,2020-10-19 17:31:35
426,大兴安岭,3,中国,0,3,黑龙江,0,2020-10-19 17:31:35
427,黑河,14,中国,0,14,黑龙江,0,2020-10-19 17:31:35
428,双鸭山,52,中国,3,49,黑龙江,0,2020-10-19 17:31:35
429,绥化,47,中国,4,43,黑龙江,0,2020-10-19 17:31:35
430,鸡西,46,中国,0,46,黑龙江,0,2020-10-19 17:31:35
431,七台河,17,中国,0,17,黑龙江,0,2020-10-19 17:31:35
432,鹤岗,5,中国,0,5,黑龙江,0,2020-10-19 17:31:35
433,伊春,1,中国,0,1,黑龙江,0,2020-10-19 17:31:35
434,佳木斯,15,中国,0,15,黑龙江,0,2020-10-19 17:31:35
435,境外输入,78,中国,0,78,甘肃,0,2020-10-19 17:31:35
436,兰州,37,中国,2,35,甘肃,0,2020-10-19 17:31:35
437,定西,9,中国,0,9,甘肃,0,2020-10-19 17:31:35
438,地区待确认,0,中国,0,0,甘肃,0,2020-10-19 17:31:35
439,平凉,9,中国,0,9,甘肃,0,2020-10-19 17:31:35
440,庆阳,3,中国,0,3,甘肃,0,2020-10-19 17:31:35
441,白银,4,中国,0,4,甘肃,0,2020-10-19 17:31:35
442,甘南州,8,中国,0,8,甘肃,0,2020-10-19 17:31:35
443,天水,12,中国,0,12,甘肃,0,2020-10-19 17:31:35
444,陇南,4,中国,0,4,甘肃,0,2020-10-19 17:31:35
445,临夏,3,中国,0,3,甘肃,0,2020-10-19 17:31:35
446,张掖,2,中国,0,2,甘肃,0,2020-10-19 17:31:35
447,金昌,1,中国,0,1,甘肃,0,2020-10-19 17:31:35
448,乌鲁木齐,845,中国,0,845,新疆,0,2020-10-19 17:31:35
449,喀什,2,中国,0,2,新疆,0,2020-10-19 17:31:35
450,地区待确认,1,中国,0,1,新疆,0,2020-10-19 17:31:35
451,昌吉州,5,中国,0,5,新疆,0,2020-10-19 17:31:35
452,兵团第九师,4,中国,1,3,新疆,0,2020-10-19 17:31:35
453,吐鲁番,3,中国,0,3,新疆,0,2020-10-19 17:31:35
454,第八师石河子,4,中国,1,3,新疆,0,2020-10-19 17:31:35
455,伊犁州,18,中国,0,18,新疆,0,2020-10-19 17:31:35
456,兵团第四师,10,中国,1,9,新疆,0,2020-10-19 17:31:35
457,六师五家渠,2,中国,0,2,新疆,0,2020-10-19 17:31:35
458,兵团第十二师,3,中国,0,3,新疆,0,2020-10-19 17:31:35
459,巴州,3,中国,0,3,新疆,0,2020-10-19 17:31:35
460,第七师,1,中国,0,1,新疆,0,2020-10-19 17:31:35
461,阿克苏,1,中国,0,1,新疆,0,2020-10-19 17:31:35
